<?xml version="1.0" encoding="UTF-8"?><metadata>
    <idinfo>
        <citation>
            <citeinfo>
                <title>Border</title>
                <geoform>vector digital data</geoform>
            </citeinfo>
        </citation>
        <descript>
            <abstract>City Border Polygon. Extracted from Tomkins County Planimetric Map dataset ca 1995. For cartographic purposes; Not survey grade.  Do not use for specific determinations on borderline properties.</abstract>
            <purpose>City Border Polygon.  Extracted from Tompkins County Planimetric Map dataset ca 1995.  Most likely drawn from paper maps.  General boundary for cartographic use.  Do not use for specific determinations on borderline properties.</purpose>
        </descript>
        <spdom>
            <bounding>
                <westbc>-76.527102</westbc>
                <eastbc>-76.469959</eastbc>
                <northbc>42.466957</northbc>
                <southbc>42.418118</southbc>
            </bounding>
        </spdom>
        <keywords>
            <theme>
                <themekt>None</themekt>
                <themekey>border</themekey>
                <themekey>municipality</themekey>
                <themekey>Ithaca</themekey>
                <themekey>City of Ithaca</themekey>
                <themekey>regulatory</themekey>
                <themekey>open data</themekey>
            </theme>
        </keywords>
        <accconst>None</accconst>
        <useconst>This data is for cartographic purpose only; Not survey grade.The following statement must be included with any products that use or are derived from this data set: "Data contained in this product was originally produced by the GIS Program, City of Ithaca, NY. The originator does not warrant the accuracy or completeness of the information portrayed by the data." Please use data at the scale in which it was intended to be used and with consideration for the limits of its quality.</useconst>
        <datacred>Tompkins County GIS.  See also: https://tcdata-tompkinscounty.opendata.arcgis.com/</datacred>
        <native>Esri ArcGIS 13.1.2.41833</native>
    </idinfo>
    <spdoinfo>
        <direct>Vector</direct>
        <ptvctinf>
            <sdtsterm>
                <sdtstype>GT-polygon composed of chains</sdtstype>
                <ptvctcnt>0</ptvctcnt>
            </sdtsterm>
        </ptvctinf>
    </spdoinfo>
    <eainfo>
        <detailed>
            <enttyp>
                <enttypl>Border</enttypl>
            </enttyp>
            <attr>
                <attrlabl>OBJECTID</attrlabl>
                <attrdef>Internal feature number.</attrdef>
                <attrdefs>ESRI</attrdefs>
                <attrdomv>
                                        
                    <udom>Sequential unique whole numbers that are automatically generated.</udom>
                                    
                </attrdomv>
            </attr>
            <attr>
                <attrlabl>Shape</attrlabl>
                <attrdef>Feature geometry.</attrdef>
                <attrdefs>ESRI</attrdefs>
                <attrdomv>
                                        
                    <udom>Coordinates defining the features.</udom>
                                    
                </attrdomv>
            </attr>
            <attr>
                <attrlabl>MUNITYPE</attrlabl>
            </attr>
            <attr>
                <attrlabl>FULLNAME</attrlabl>
            </attr>
            <attr>
                <attrlabl>Shape_Length</attrlabl>
                <attrdef>Length of feature in internal units.</attrdef>
                <attrdefs>ESRI</attrdefs>
                <attrdomv>
                                        
                    <udom>Positive real numbers that are automatically generated.</udom>
                                    
                </attrdomv>
            </attr>
            <attr>
                <attrlabl>Shape_Area</attrlabl>
                <attrdef>Area of feature in internal units squared.</attrdef>
                <attrdefs>ESRI</attrdefs>
                <attrdomv>
                                        
                    <udom>Positive real numbers that are automatically generated.</udom>
                                    
                </attrdomv>
            </attr>
        </detailed>
    </eainfo>
    <metainfo>
        <metd>20230608</metd>
        <metstdn>FGDC Content Standard for Digital Geospatial Metadata</metstdn>
        <metstdv>FGDC-STD-001-1998</metstdv>
        <mettc>local time</mettc>
    </metainfo>
</metadata>
