{"boundaryID": "TWN-ADM0-7377636", "boundaryISO": "TWN", "boundaryYear": "2012", "boundaryType": "ADM0", "boundarySource": "geoBoundaries, Pixabay", "boundaryCanonical": "Republic of China", "boundaryLicense": "Pixabay License for Content", "licenseDetail": "", "licenseSource": "https//pixabay.com/vectors/taiwan-map-roc-republic-of-china-33713/", "boundarySourceURL": "https//pixabay.com/vectors/taiwan-map-roc-republic-of-china-33713/", "sourceDataUpdateDate": "Thu Jan 19 07:31:04 2023", "buildDate": "Dec 12, 2023", "admUnitCount": "1", "meanVertices": "856.0", "minVertices": "856", "maxVertices": "856", "meanPerimeterLengthKM": "1452.0858223552482", "maxPerimeterLengthKM": "1452.0858223552482", "minPerimeterLengthKM": "1452.0858223552482", "meanAreaSqKM": "36955.44614631523", "minAreaSqKM": "36955.44614631523", "maxAreaSqKM": "36955.44614631523"}