<?xml version="1.0" encoding="UTF-8"?><metadata>
    <idinfo>
        <citation>
            <citeinfo>
                <origin/>
                <pubdate>20200518</pubdate>
                <title>City Managed Trees</title>
                <geoform>vector digital data</geoform>
                <pubinfo>
                    <publish>Ruth Aslanis</publish>
                </pubinfo>
            </citeinfo>
        </citation>
        <descript>
            <abstract>This point layer is exported from the tracking application of the City of Ithaca Forestry Office.  It includes location and attributes of City managed park and street trees.  Street trees are re-inventoried on a 5 year cycle and are more up-to-date than park trees.  You can learn more about the urban forest here: https://www.cityofithaca.org/245/Parks-Forestry.  You can also browse the tree inventory here: https://gis.tompkins-co.org/html/?viewer=IthacaBlooms.  This Tree data layer is updated 3 to 4 times a year.</abstract>
            <purpose>This point layer is exported from the tracking application of the City of Ithaca Forestry Office.  It includes location and attributes of City managed park and street trees.  Street trees are re-inventoried on a 5 year cycle and are more up-to-date than park trees.  You can learn more about the urban forest here: https://www.cityofithaca.org/245/Parks-Forestry</purpose>
        </descript>
        <status>
            <update>Quarterly</update>
        </status>
        <spdom>
            <bounding>
                <westbc>-76.526264</westbc>
                <eastbc>-76.470573</eastbc>
                <northbc>42.464077</northbc>
                <southbc>42.418481</southbc>
            </bounding>
        </spdom>
        <keywords>
            <theme>
                <themekt>ISO 19115 Topic Categories</themekt>
                <themekey>environment</themekey>
                <themekey>location</themekey>
            </theme>
            <theme>
                <themekt>None</themekt>
                <themekey>tree</themekey>
                <themekey>city tree</themekey>
                <themekey>urban forest</themekey>
                <themekey>amenities</themekey>
                <themekey>open data</themekey>
            </theme>
        </keywords>
        <accconst>None</accconst>
        <useconst>The following statement must be included with any products that use or are derived from this data set: "Data contained in this product was originally produced by the GIS Program, City of Ithaca, NY. The originator does not warrant the accuracy or completeness of the information portrayed by the data." Please use data at the scale in which it was intended to be used and with consideration for the limits of its quality.</useconst>
        <ptcontac>
            <cntinfo>
                <cntorgp>
                    <cntorg>City of Ithaca Forestry Office</cntorg>
                    <cntper>Jeanne Grace</cntper>
                </cntorgp>
                <cntpos>City Forester</cntpos>
            </cntinfo>
        </ptcontac>
        <ptcontac>
            <cntinfo>
                <cntorgp>
                    <cntorg>City of Ithaca GIS Program</cntorg>
                    <cntper>Ruth Aslanis</cntper>
                </cntorgp>
                <cntpos>GIS Administrator</cntpos>
            </cntinfo>
        </ptcontac>
        <datacred>City of Ithaca Forestry Office, City of Ithaca GIS Program</datacred>
        <native>Esri ArcGIS 13.1.2.41833</native>
    </idinfo>
    <spdoinfo>
        <direct>Vector</direct>
        <ptvctinf>
            <sdtsterm>
                <sdtstype>Entity point</sdtstype>
                <ptvctcnt>0</ptvctcnt>
            </sdtsterm>
        </ptvctinf>
    </spdoinfo>
    <eainfo>
        <detailed>
            <enttyp>
                <enttypl>CityTree</enttypl>
            </enttyp>
            <attr>
                <attrlabl>OBJECTID</attrlabl>
                <attrdef>Internal feature number.</attrdef>
                <attrdefs>Esri</attrdefs>
                <attrdomv>
                                        
                    <udom>Sequential unique whole numbers that are automatically generated.</udom>
                                    
                </attrdomv>
            </attr>
            <attr>
                <attrlabl>Shape</attrlabl>
                <attrdef>Feature geometry.</attrdef>
                <attrdefs>Esri</attrdefs>
                <attrdomv>
                                        
                    <udom>Coordinates defining the features.</udom>
                                    
                </attrdomv>
            </attr>
            <attr>
                <attrlabl>DBH</attrlabl>
            </attr>
            <attr>
                <attrlabl>AREA</attrlabl>
            </attr>
            <attr>
                <attrlabl>PLDATE</attrlabl>
            </attr>
            <attr>
                <attrlabl>TREECLASS</attrlabl>
            </attr>
            <attr>
                <attrlabl>CULTIVAR</attrlabl>
            </attr>
            <attr>
                <attrlabl>ADDRESS</attrlabl>
            </attr>
            <attr>
                <attrlabl>STREET</attrlabl>
            </attr>
            <attr>
                <attrlabl>SIDE</attrlabl>
            </attr>
            <attr>
                <attrlabl>ONSTR</attrlabl>
            </attr>
            <attr>
                <attrlabl>LATITUDE</attrlabl>
            </attr>
            <attr>
                <attrlabl>LONGITUDE</attrlabl>
            </attr>
            <attr>
                <attrlabl>SPName</attrlabl>
            </attr>
        </detailed>
    </eainfo>
    <metainfo>
        <metd>20230608</metd>
        <metc>
            <cntinfo>
                <cntorgp>
                    <cntorg>City of Ithaca Forestry Office</cntorg>
                    <cntper>Jeanne Grace</cntper>
                </cntorgp>
                <cntpos>City Forester</cntpos>
            </cntinfo>
        </metc>
        <metstdn>FGDC Content Standard for Digital Geospatial Metadata</metstdn>
        <metstdv>FGDC-STD-001-1998</metstdv>
        <mettc>local time</mettc>
        <metuc>The following statement must be included with any products that use or are derived from this data set: "Data contained in this product was originally produced by the GIS Program, City of Ithaca, NY. The originator does not warrant the accuracy or completeness of the information portrayed by the data." Please use data at the scale in which it was intended to be used and with consideration for the limits of its quality.</metuc>
    </metainfo>
</metadata>
